names,importances,experiment_id,CO_MES,var_target
"('02', 44, 3105, 'sm3')",0.017818088231879085,86eb8636-9167-4b35-af91-981bf81cda90,2,kt
"('02', '-22:-44', 'mm')",0.018721045665973945,86eb8636-9167-4b35-af91-981bf81cda90,2,oc
"('08', 81, 1701, 'sm12')",0.017133819860299538,fbe88dab-e25a-4b01-a136-eec4179935eb,8,kt
"('01', '-4:-46', 'mm')",0.01826388888888889,fbe88dab-e25a-4b01-a136-eec4179935eb,8,oc
