names,importances,experiment_id,CO_MES,var_target
"('02', 91, 3808, 'lag12')",0.02620609231121919,3bec723c-fec7-4bee-9ccd-617e5e57c463,2,kt
"('11', '-31:-55', 'mm')",0.03210384128067055,3bec723c-fec7-4bee-9ccd-617e5e57c463,2,oc
"('05', '-9:-39', 'mm')",0.012813691243549447,849c9022-922d-4b4a-adfd-27885be8efe7,8,kt
"('04', '-17:-45', 'mm')",0.018001540238737002,849c9022-922d-4b4a-adfd-27885be8efe7,8,oc
