names,importances,experiment_id,CO_MES,var_target
"('02', 51, 2304, 'kt')",0.026658251839561328,b70d11b8-6671-49e3-b9a5-0df5ddcf9b6a,2,kt
"('05', '-9:-37', 'mm')",0.015384615384615385,b70d11b8-6671-49e3-b9a5-0df5ddcf9b6a,2,oc
"('06', '-13:-47', 'mm')",0.01974904897516411,4be98c3d-5a3f-4742-b477-3c84260b4202,8,kt
"('02', '-10:-38', 'mm')",0.027023046961989254,4be98c3d-5a3f-4742-b477-3c84260b4202,8,oc
