names,importances,experiment_id,CO_MES,var_target
"('06', '-5:-35', 'mm')",0.018194167497712632,7289417c-3870-4879-acd4-1eb8cc6d2bf6,2,kt
"('10', '-29:-49', 'mm')",0.010101010101010102,7289417c-3870-4879-acd4-1eb8cc6d2bf6,2,oc
ANO,0.0,e567d9bd-e783-45f7-9c20-d25923c50363,8,kt
"('06', '-25:-49', 'mm')",0.015081452314283013,e567d9bd-e783-45f7-9c20-d25923c50363,8,oc
