names,importances,experiment_id,CO_MES,var_target
"('02', '-15:-57', 'mm')",0.02532165594622063,4720a218-d975-41a1-8d74-577a1d4e49fa,2,kt
"('04', '-6:-36', 'mm')",0.02,4720a218-d975-41a1-8d74-577a1d4e49fa,2,oc
"('05', '-12:-50', 'mm')",0.024724454846145473,048e01f8-2005-4b9f-9aa8-6f772f3c8135,8,kt
"('12', '-26:-50', 'mm')",0.018520710059171597,048e01f8-2005-4b9f-9aa8-6f772f3c8135,8,oc
