names,importances,experiment_id,CO_MES,var_target
"('02', 101, 2304, 'kt')",0.01780356860955958,2ede2ed9-79b8-4345-998e-6fd7afa886c8,2,kt
"('03', '-6:-36', 'mm')",0.015263157894736843,2ede2ed9-79b8-4345-998e-6fd7afa886c8,2,oc
ANO,0.0,f292937d-cc9e-4623-929a-9a102c9bcbdb,8,kt
"('05', '-16:-54', 'mm')",0.01950657894736842,f292937d-cc9e-4623-929a-9a102c9bcbdb,8,oc
