names,importances,experiment_id,CO_MES,var_target
"('04', '-4:-48', 'mm')",0.026607730656484807,c4bff2e9-240e-465f-9725-926c17766f9d,2,kt
"('07', '-6:-36', 'mm')",0.03,c4bff2e9-240e-465f-9725-926c17766f9d,2,oc
"('03', '-10:-36', 'mm')",0.016140337414888906,8be0c6bf-1995-4ad2-ae3b-382425ffba89,8,kt
"('03', '-31:-55', 'mm')",0.051515151515151514,8be0c6bf-1995-4ad2-ae3b-382425ffba89,8,oc
