names,importances,experiment_id,CO_MES,var_target
"('02', 21, 3103, 'sm12')",0.020000000000000004,d28b8ca9-4c44-4845-af9d-375ca9d0acc5,2,kt
"('11', '-11:-39', 'mm')",0.02982385062533028,d28b8ca9-4c44-4845-af9d-375ca9d0acc5,2,oc
"('08', 51, 2710, 'sm12')",0.04155761327512707,8e58fa96-e6ee-48f4-a914-b31a3564e913,8,kt
ANO,0.0,8e58fa96-e6ee-48f4-a914-b31a3564e913,8,oc
