names,importances,experiment_id,CO_MES,var_target
"('02', 81, 5201, 'sm2')",0.028621337104682974,a27ecdc0-cad3-4e01-b680-a0fa3a531e22,2,kt
"('06', '-6:-36', 'mm')",0.02,a27ecdc0-cad3-4e01-b680-a0fa3a531e22,2,oc
"('08', 31, 2710, 'sm3')",0.018524917223951446,f2335d92-2253-4bc7-a008-ddd7553dd042,8,kt
"('08', '-4:-46', 'mm')",0.03,f2335d92-2253-4bc7-a008-ddd7553dd042,8,oc
