max_depth,max_features,min_samples_split,min_samples_leaf,fit_time_sec,experiment_id
3,5,2,8,0.15731239318847656,b70d11b8-6671-49e3-b9a5-0df5ddcf9b6a
2,5,2,3,0.12066125869750977,4be98c3d-5a3f-4742-b477-3c84260b4202
