max_depth,max_features,min_samples_split,min_samples_leaf,fit_time_sec,experiment_id
8,2,5,5,0.12075448036193848,7289417c-3870-4879-acd4-1eb8cc6d2bf6
144,2,3,2,0.13132929801940918,e567d9bd-e783-45f7-9c20-d25923c50363
