max_depth,max_features,min_samples_split,min_samples_leaf,fit_time_sec,experiment_id
3,21,2,1,0.13587379455566406,c4bff2e9-240e-465f-9725-926c17766f9d
3,144,3,1,0.1314997673034668,8be0c6bf-1995-4ad2-ae3b-382425ffba89
