max_depth,max_features,min_samples_split,min_samples_leaf,fit_time_sec,experiment_id
13,21,2,3,0.11844539642333984,a27ecdc0-cad3-4e01-b680-a0fa3a531e22
55,3,5,5,0.12854504585266113,f2335d92-2253-4bc7-a008-ddd7553dd042
