max_depth,max_features,min_samples_split,min_samples_leaf,fit_time_sec,experiment_id
3,21,2,2,0.12656092643737793,4720a218-d975-41a1-8d74-577a1d4e49fa
55,8,2,1,0.16539502143859863,048e01f8-2005-4b9f-9aa8-6f772f3c8135
